<?xml version="1.0" encoding="UTF-8"?>
<project-private xmlns="http://www.netbeans.org/ns/project-private/1">
    <editor-bookmarks xmlns="http://www.netbeans.org/ns/editor-bookmarks/2" lastBookmarkId="1">
        <file>
            <url>src/hibernate.cfg.xml</url>
            <bookmark id="1">
                <name/>
                <line>16</line>
                <key/>
            </bookmark>
        </file>
    </editor-bookmarks>
    <open-files xmlns="http://www.netbeans.org/ns/projectui-open-files/2">
        <group>
            <file>file:/E:/Avadhesh%20Data/NetBeansWorkspace/HibernateCrudSample/src/com/sample/util/HibernateUtil.java</file>
            <file>file:/E:/Avadhesh%20Data/NetBeansWorkspace/HibernateCrudSample/src/com/sample/main/Main.java</file>
            <file>file:/E:/Avadhesh%20Data/NetBeansWorkspace/HibernateCrudSample/src/com/sample/model/Student.java</file>
            <file>file:/E:/Avadhesh%20Data/NetBeansWorkspace/HibernateCrudSample/src/com/sample/db/operations/DBOperationsManager.java</file>
        </group>
    </open-files>
</project-private>
